Workbook

Sheet Returns
A1: Month | B1: Risk-free return | C1: Market excess return | D1: SMB return | E1: HML return | F1: S&P 500 VW total return | G1: S&P 500 EW total return | I1: VW excess | J1: EW excess | L1: Avg excess return:
A2: 25569 | B2: 0.006 | C2: -0.081 | D2: 0.0291 | E2: 0.0317 | F2: -0.075398 | G2: -0.058388 | I2: =F2-$B2 -> -0.081398 | J2: =G2-$B2 -> -0.064388 | L2: VW | M2: =AVERAGE(I2:I661) -> 0.0061321167
A3: 25600 | B3: 0.0062 | C3: 0.0514 | D3: -0.0239 | E3: 0.0369 | F3: 0.059521 | G3: 0.068592 | I3: =F3-$B3 -> 0.053321 | J3: =G3-$B3 -> 0.062392 | L3: EW | M3: =AVERAGE(J2:J661) -> 0.0075937515
A4: 25628 | B4: 0.0057 | C4: -0.0106 | D4: -0.0231 | E4: 0.0408 | F4: 0.002806 | G4: 0.003637 | I4: =F4-$B4 -> -0.002894 | J4: =G4-$B4 -> -0.002063
A5: 25659 | B5: 0.005 | C5: -0.1099 | D5: -0.0614 | E5: 0.0614 | F5: -0.088831 | G5: -0.1088 | I5: =F5-$B5 -> -0.093831 | J5: =G5-$B5 -> -0.1138 | L5: CAPM beta:
A6: 25689 | B6: 0.0053 | C6: -0.069 | D6: -0.0461 | E6: 0.0332 | F6: -0.054689 | G6: -0.082317 | I6: =F6-$B6 -> -0.059989 | J6: =G6-$B6 -> -0.087617 | L6: VW | M6: =SLOPE(I2:I661,C2:C661) -> 0.95740609
A7: 25720 | B7: 0.0058 | C7: -0.058 | D7: -0.0208 | E7: 0.0044 | F7: -0.049032 | G7: -0.058854 | I7: =F7-$B7 -> -0.054832 | J7: =G7-$B7 -> -0.064654 | L7: EW | M7: =SLOPE(J2:J661,C2:C661) -> 1.05901
A8: 25750 | B8: 0.0052 | C8: 0.0692 | D8: -0.0055 | E8: 0.0093 | F8: 0.075523 | G8: 0.081903 | I8: =F8-$B8 -> 0.070323 | J8: =G8-$B8 -> 0.076703
A9: 25781 | B9: 0.0053 | C9: 0.045 | D9: 0.0148 | E9: 0.0141 | F9: 0.049779 | G9: 0.062742 | I9: =F9-$B9 -> 0.044479 | J9: =G9-$B9 -> 0.057442 | L9: CAPM alpha:
A10: 25812 | B10: 0.0054 | C10: 0.0418 | D10: 0.0861 | E10: -0.0541 | F10: 0.034702 | G10: 0.06525 | I10: =F10-$B10 -> 0.029302 | J10: =G10-$B10 -> 0.05985 | L10: VW | M10: =INTERCEPT(I2:I661,C2:C661) -> 0.00027612778
A11: 25842 | B11: 0.0046 | C11: -0.0227 | D11: -0.0417 | E11: 0.0021 | F11: -0.009032 | G11: -0.032163 | I11: =F11-$B11 -> -0.013632 | J11: =G11-$B11 -> -0.036763 | L11: EW | M11: =INTERCEPT(J2:J661,C2:C661) -> 0.0011163007
A12: 25873 | B12: 0.0046 | C12: 0.0462 | D12: -0.0397 | E12: 0.0158 | F12: 0.054387 | G12: 0.046937 | I12: =F12-$B12 -> 0.049787 | J12: =G12-$B12 -> 0.042337
A13: 25903 | B13: 0.0042 | C13: 0.0574 | D13: 0.0282 | E13: 0.0104 | F13: 0.058684 | G13: 0.084505 | I13: =F13-$B13 -> 0.054484 | J13: =G13-$B13 -> 0.080305
A14: 25934 | B14: 0.0038 | C14: 0.0483 | D14: 0.0728 | E14: 0.0155 | F14: 0.042828 | G14: 0.083935 | I14: =F14-$B14 -> 0.039028 | J14: =G14-$B14 -> 0.080135
A15: 25965 | B15: 0.0033 | C15: 0.0141 | D15: 0.0186 | E15: -0.0124 | F15: 0.013317 | G15: 0.021101 | I15: =F15-$B15 -> 0.010017 | J15: =G15-$B15 -> 0.017801
A16: 25993 | B16: 0.003 | C16: 0.0412 | D16: 0.026 | E16: -0.0395 | F16: 0.039068 | G16: 0.039888 | I16: =F16-$B16 -> 0.036068 | J16: =G16-$B16 -> 0.036888
A17: 26024 | B17: 0.0028 | C17: 0.0315 | D17: -0.0049 | E17: 0.0086 | F17: 0.036965 | G17: 0.041374 | I17: =F17-$B17 -> 0.034165 | J17: =G17-$B17 -> 0.038574
A18: 26054 | B18: 0.0029 | C18: -0.0399 | D18: -0.0104 | E18: -0.0133 | F18: -0.03715 | G18: -0.041095 | I18: =F18-$B18 -> -0.04005 | J18: =G18-$B18 -> -0.043995
A19: 26085 | B19: 0.0037 | C19: -0.0009 | D19: -0.0153 | E19: -0.0197 | F19: 0.002439 | G19: -0.005647 | I19: =F19-$B19 -> -0.001261 | J19: =G19-$B19 -> -0.009347
A20: 26115 | B20: 0.004 | C20: -0.0449 | D20: -0.0151 | E20: -0.0002 | F20: -0.040827 | G20: -0.042866 | I20: =F20-$B20 -> -0.044827 | J20: =G20-$B20 -> -0.046866
A21: 26146 | B21: 0.0047 | C21: 0.0379 | D21: -0.0022 | E21: 0.0264 | F21: 0.042036 | G21: 0.052668 | I21: =F21-$B21 -> 0.037336 | J21: =G21-$B21 -> 0.047968
A22: 26177 | B22: 0.0037 | C22: -0.0086 | D22: 0.005 | E22: -0.029 | F22: -0.005038 | G22: -0.014162 | I22: =F22-$B22 -> -0.008738 | J22: =G22-$B22 -> -0.017862
A23: 26207 | B23: 0.0037 | C23: -0.0442 | D23: -0.0175 | E23: -0.0051 | F23: -0.040129 | G23: -0.054981 | I23: =F23-$B23 -> -0.043829 | J23: =G23-$B23 -> -0.058681
... A661: 45627 | B661: 0.0037 | C661: -0.0317 | D661: -0.0271 | E661: -0.03 | F661: -0.023445 | G661: -0.062712 | I661: =F661-$B661 -> -0.027145 | J661: =G661-$B661 -> -0.066412

Sheet Cumulative returns
A1: Month | B1: S&P 500 VW total return | C1: S&P 500 EW total return
A2: 25569 | B2: =1+Returns!F2 -> 0.924602 | C2: =1+Returns!G2 -> 0.941612
A3: 25600 | B3: =B2*(1+Returns!F3) -> 0.97963524 | C3: =C2*(1+Returns!G3) -> 1.0061991
A4: 25628 | B4: =B3*(1+Returns!F4) -> 0.98238409 | C4: =C3*(1+Returns!G4) -> 1.0098586
A5: 25659 | B5: =B4*(1+Returns!F5) -> 0.89511793 | C5: =C4*(1+Returns!G5) -> 0.89998598
A6: 25689 | B6: =B5*(1+Returns!F6) -> 0.84616483 | C6: =C5*(1+Returns!G6) -> 0.82590183
A7: 25720 | B7: =B6*(1+Returns!F7) -> 0.80467567 | C7: =C6*(1+Returns!G7) -> 0.77729421
A8: 25750 | B8: =B7*(1+Returns!F8) -> 0.86544719 | C8: =C7*(1+Returns!G8) -> 0.84095694
A9: 25781 | B9: =B8*(1+Returns!F9) -> 0.90852829 | C9: =C8*(1+Returns!G9) -> 0.89372026
A10: 25812 | B10: =B9*(1+Returns!F10) -> 0.94005604 | C10: =C9*(1+Returns!G10) -> 0.9520355
A11: 25842 | B11: =B10*(1+Returns!F11) -> 0.93156545 | C11: =C10*(1+Returns!G11) -> 0.92141518
A12: 25873 | B12: =B11*(1+Returns!F12) -> 0.9822305 | C12: =C11*(1+Returns!G12) -> 0.96466365
A13: 25903 | B13: =B12*(1+Returns!F13) -> 1.0398717 | C13: =C12*(1+Returns!G13) -> 1.0461826
A14: 25934 | B14: =B13*(1+Returns!F14) -> 1.0844073 | C14: =C13*(1+Returns!G14) -> 1.1339939
... A661: 45627 | B661: =B660*(1+Returns!F661) -> 318.25086 | C661: =C660*(1+Returns!G661) -> 675.4309

Sheet Factor loadings and analysis
B2: HML | C2: SMB | D2: Mkt excess | E2: Constant (alpha) | G2: Average excess return:
A3: S&P 500 VW | B3: {=LINEST(Returns!I2:I661,Returns!C2:E661)} -> 0.01396691 | C3: -0.18014463 | D3: 0.99261111 | E3: 0.00018435133 | G3: =AVERAGE(Returns!I2:I661) -> 0.0061321167
A4: S&P 500 EW | B4: {=LINEST(Returns!J2:J661,Returns!C2:E661)} -> 0.29708324 | C4: 0.10942249 | D4: 1.081352 | E4: 1.2294587e-05 | G4: =AVERAGE(Returns!J2:J661) -> 0.0075937515
A6: Average: | B6: =AVERAGE(Returns!E2:E661) -> 0.0029201515 | C6: =AVERAGE(Returns!D2:D661) -> 0.00091227273 | D6: =AVERAGE(Returns!C2:C661) -> 0.0061165152
G7: Return explained by factor loadings:
A8: Row 3 * row 6 | B8: =B3*B6 -> 4.0785492e-05 | C8: =C3*C6 -> -0.00016434103 | D8: =D3*D6 -> 0.0060713209 | G8: =SUM(B8:D8) -> 0.0059477653
A9: Row 4 * row 6 | B9: =B4*B6 -> 0.00086752806 | C9: =C4*C6 -> 9.9823153e-05 | D9: =D4*D6 -> 0.0066141057 | G9: =SUM(B9:D9) -> 0.0075814569
