Workbook

Sheet Data
A1: Month | B1: Risk-free | C1: Market | D1: Value | E1: Growth | G1: Market excess | I1: Value minus growth | K1: Just rf and mkt, 1% vol | L1: Gross | N1: Optimal risky | O1: Rf and optimal risky | P1: Gross
A2: 25934 | B2: 0.0038 | C2: 0.0521 | D2: 0.0651 | E2: 0.0506 | G2: =C2-$B2 -> 0.0483 | I2: =D2-E2 -> 0.0145 | K2: =(1-Analysis!$C$21)*B2 + Analysis!$C$21*C2 -> 0.01431887 | L2: =1+K2 -> 1.0143189 | N2: =Analysis!$C$35*G2+Analysis!$C$36*I2 -> 0.028350081 | O2: =B2+Analysis!$C$42*N2 -> 0.016717903 | P2: =1+O2 -> 1.0167179
A3: 25965 | B3: 0.0033 | C3: 0.0174 | D3: 0.0209 | E3: 0.0253 | G3: =C3-$B3 -> 0.0141 | I3: =D3-E3 -> -0.0044 | K3: =(1-Analysis!$C$21)*B3 + Analysis!$C$21*C3 -> 0.006370726 | L3: =1+K3 -> 1.0063707 | N3: =Analysis!$C$35*G3+Analysis!$C$36*I3 -> 0.0031806658 | O3: =B3+Analysis!$C$42*N3 -> 0.0047492916 | P3: =1+O3 -> 1.0047493
A4: 25993 | B4: 0.003 | C4: 0.0442 | D4: 0.0245 | E4: 0.0605 | G4: =C4-$B4 -> 0.0412 | I4: =D4-E4 -> -0.036 | K4: =(1-Analysis!$C$21)*B4 + Analysis!$C$21*C4 -> 0.011972618 | L4: =1+K4 -> 1.0119726 | N4: =Analysis!$C$35*G4+Analysis!$C$36*I4 -> -0.0043660864 | O4: =B4+Analysis!$C$42*N4 -> 0.0010105636 | P4: =1+O4 -> 1.0010106
A5: 26024 | B5: 0.0028 | C5: 0.0343 | D5: 0.0495 | E5: 0.0385 | G5: =C5-$B5 -> 0.0315 | I5: =D5-E5 -> 0.011 | K5: =(1-Analysis!$C$21)*B5 + Analysis!$C$21*C5 -> 0.0096601326 | L5: =1+K5 -> 1.0096601 | N5: =Analysis!$C$35*G5+Analysis!$C$36*I5 -> 0.019400197 | O5: =B5+Analysis!$C$42*N5 -> 0.011639829 | P5: =1+O5 -> 1.0116398
A6: 26054 | B6: 0.0029 | C6: -0.037 | D6: -0.0472 | E6: -0.0287 | G6: =C6-$B6 -> -0.0399 | I6: =D6-E6 -> -0.0185 | K6: =(1-Analysis!$C$21)*B6 + Analysis!$C$21*C6 -> -0.0057895013 | L6: =1+K6 -> 0.9942105 | N6: =Analysis!$C$35*G6+Analysis!$C$36*I6 -> -0.027268986 | O6: =B6+Analysis!$C$42*N6 -> -0.0095252953 | P6: =1+O6 -> 0.9904747
A7: 26085 | B7: 0.0037 | C7: 0.0028 | D7: -0.0041 | E7: 0.0108 | G7: =C7-$B7 -> -0.0009 | I7: =D7-E7 -> -0.0149 | K7: =(1-Analysis!$C$21)*B7 + Analysis!$C$21*C7 -> 0.0035039962 | L7: =1+K7 -> 1.003504 | N7: =Analysis!$C$35*G7+Analysis!$C$36*I7 -> -0.0091632799 | O7: =B7+Analysis!$C$42*N7 -> -0.00047530953 | P7: =1+O7 -> 0.99952469
A8: 26115 | B8: 0.004 | C8: -0.0409 | D8: -0.0516 | E8: -0.0423 | G8: =C8-$B8 -> -0.0449 | I8: =D8-E8 -> -0.0093 | K8: =(1-Analysis!$C$21)*B8 + Analysis!$C$21*C8 -> -0.0057784112 | L8: =1+K8 -> 0.99422159 | N8: =Analysis!$C$35*G8+Analysis!$C$36*I8 -> -0.02388766 | O8: =B8+Analysis!$C$42*N8 -> -0.0068845712 | P8: =1+O8 -> 0.99311543
A9: 26146 | B9: 0.0047 | C9: 0.0426 | D9: 0.0803 | E9: 0.0546 | G9: =C9-$B9 -> 0.0379 | I9: =D9-E9 -> 0.0257 | K9: =(1-Analysis!$C$21)*B9 + Analysis!$C$21*C9 -> 0.012953937 | L9: =1+K9 -> 1.0129539 | N9: =Analysis!$C$35*G9+Analysis!$C$36*I9 -> 0.030699142 | O9: =B9+Analysis!$C$42*N9 -> 0.018688268 | P9: =1+O9 -> 1.0186883
A10: 26177 | B10: 0.0037 | C10: -0.0049 | D10: -0.0241 | E10: 0.0039 | G10: =C10-$B10 -> -0.0086 | I10: =D10-E10 -> -0.028 | K10: =(1-Analysis!$C$21)*B10 + Analysis!$C$21*C10 -> 0.0018270749 | L10: =1+K10 -> 1.0018271 | N10: =Analysis!$C$35*G10+Analysis!$C$36*I10 -> -0.020050545 | O10: =B10+Analysis!$C$42*N10 -> -0.0054361644 | P10: =1+O10 -> 0.99456384
A11: 26207 | B11: 0.0037 | C11: -0.0405 | D11: -0.0484 | E11: -0.04 | G11: =C11-$B11 -> -0.0442 | I11: =D11-E11 -> -0.0084 | K11: =(1-Analysis!$C$21)*B11 + Analysis!$C$21*C11 -> -0.0059259638 | L11: =1+K11 -> 0.99407404 | N11: =Analysis!$C$35*G11+Analysis!$C$36*I11 -> -0.023069613 | O11: =B11+Analysis!$C$42*N11 -> -0.0068118227 | P11: =1+O11 -> 0.99318818
A12: 26238 | B12: 0.0037 | C12: -0.0009 | D12: -0.0203 | E12: 0.0069 | G12: =C12-$B12 -> -0.0046 | I12: =D12-E12 -> -0.0272 | K12: =(1-Analysis!$C$21)*B12 + Analysis!$C$21*C12 -> 0.0026982029 | L12: =1+K12 -> 1.0026982 | N12: =Analysis!$C$35*G12+Analysis!$C$36*I12 -> -0.017939295 | O12: =B12+Analysis!$C$42*N12 -> -0.0044741591 | P12: =1+O12 -> 0.99552584
A13: 26268 | B13: 0.0037 | C13: 0.0908 | D13: 0.1009 | E13: 0.0915 | G13: =C13-$B13 -> 0.0871 | I13: =D13-E13 -> 0.0094 | K13: =(1-Analysis!$C$21)*B13 + Analysis!$C$21*C13 -> 0.022668811 | L13: =1+K13 -> 1.0226688 | N13: =Analysis!$C$35*G13+Analysis!$C$36*I13 -> 0.041238796 | O13: =B13+Analysis!$C$42*N13 -> 0.022490732 | P13: =1+O13 -> 1.0224907
... A361: 36861 | B361: 0.005 | C361: 0.0168 | D361: 0.0872 | E361: -0.0025 | G361: =C361-$B361 -> 0.0118 | I361: =D361-E361 -> 0.0897 | K361: =(1-Analysis!$C$21)*B361 + Analysis!$C$21*C361 -> 0.0075698275 | L361: =1+K361 -> 1.0075698 | N361: =Analysis!$C$35*G361+Analysis!$C$36*I361 -> 0.05777925 | O361: =B361+Analysis!$C$42*N361 -> 0.0313275 | P361: =1+O361 -> 1.0313275

Sheet Analysis
A1: Market portfolio alone:
B2: Average monthly excess return: | C2: =AVERAGE(Data!G2:G361) -> 0.0059169444
B3: Volatility of monthly exc return: | C3: =STDEV(Data!G2:G361) -> 0.04591748
B4: Sharpe ratio: | C4: =C2/C3 -> 0.12886039
A6: Dollar-neutral:
B7: Average monthly excess return: | C7: =AVERAGE(Data!I2:I361) -> 0.0036441667
B8: Volatility of monthly exc return: | C8: =STDEV(Data!I2:I361) -> 0.03055343
B9: Sharpe ratio: | C9: =C7/C8 -> 0.11927194
B10: Correlation to market: | C10: =CORREL(Data!I2:I361,Data!G2:G361) -> -0.29116505
B11: Beta: | C11: =SLOPE(Data!I2:I361,Data!G2:G361) -> -0.19374083
B12: Alpha: | C12: =INTERCEPT(Data!I2:I361,Data!G2:G361) -> 0.0047905204
B13: Information ratio: | C13: =C12 / SQRT( C8^2 - C11^2*C3^2) -> 0.16389258
B14: Maximum SR using mkt and d-n: | C14: =SQRT(C13^2 + C4^2) -> 0.20848448
B16: Average risk-free return | C16: =AVERAGE(Data!B2:B361) -> 0.0054022222 | D16: We will use this below
A18: Analysis for an investor who wants 1% volatility of monthly excess return:
A20: If they only allocate to the market index fund in their risky portfolio:
B21: Optimal allocation to risky: | C21: =0.01/C3 -> 0.21778199
B22: Cumulative value of $1 invested initially: | C22: =(1+C16 + C21*C2 - 0.5*0.01^2)^360 -> 10.835137 | D22: Approximation formula
C23: =PRODUCT(Data!L2:L361) -> 10.837655 | D23: Direct calculation
A26: If they allocate optimally between the index fund and dollar-neutral:
B27: First we figure out what the optimal allocation is: Remember this is just about maximizing the Sharpe ratio.
B29: Mu (vector of avg returns) | C29: =C2 -> 0.0059169444 | D29: Sigma (cov matrix) | E29: =C3^2 -> 0.0021084149 | F29: =C10*C3*C8 -> -0.00040848607
C30: =C7 -> 0.0036441667 | E30: =C10*C3*C8 -> -0.00040848607 | F30: =C8^2 -> 0.00093351206
B32: Optimal risky weight on mkt, unscaled: | C32: {=MMULT( MINVERSE( E29:F30 ) , C29:C30 )} -> 3.8926654
B33: Optimal risky weight on d-n, unscaled: | C33: 5.6070687
B35: Optimal risky weight on mkt: | C35: =C32/(C$32+C$33) -> 0.40976572
B36: Optimal risky weight on d-n: | C36: =C33/(C$32+C$33) -> 0.59023428
B38: Avg excess return of that risky portfolio: | C38: =C35*C2 + C36*C7 -> 0.0045754731
B39: Vol of excess return of that portfolio: | C39: {=SQRT( MMULT( MMULT( TRANSPOSE(C35:C36), E29:F30 ) , C35:C36 ) )} -> 0.021946349
B40: Sharpe ratio of that risky portfolio: | C40: =C38/C39 -> 0.20848448
B42: Optimal allocation to risky: | C42: =0.01/C39 -> 0.45565666
B43: Cumulative value of $1 invested initially: | C43: =(1+C16+C42*C38 - 0.5*0.01^2)^360 -> 14.403013 | D43: Approximation formula
C44: =PRODUCT(Data!P2:P361) -> 14.400625 | D44: Direct calculation
